{
  "name": "codemirror",
  "main": [
    "lib/codemirror.js",
    "lib/codemirror.css"
  ],
  "ignore": [
    "**/.*",
    "node_modules",
    "components",
    "bin",
    "demo",
    "doc",
    "test",
    "index.html",
    "package.json",
    "mode/*/*test.js",
    "mode/*/*.html"
  ],
  "homepage": "https://github.com/marijnh/CodeMirror",
  "version": "5.11.0",
  "_release": "5.11.0",
  "_resolution": {
    "type": "version",
    "tag": "5.11.0",
    "commit": "7d43f32bb56f83a9c47addb3f91170b3102f3ead"
  },
  "_source": "git://github.com/marijnh/CodeMirror.git",
  "_target": "~5.11.0",
  "_originalSource": "codemirror",
  "_direct": true
}