{
  "version": "v4",
  "repo": "borisyankov/DefinitelyTyped",
  "ref": "master",
  "path": "typings",
  "bundle": "typings/tsd.d.ts",
  "installed": {
    "mongoose/mongoose.d.ts": {
      "commit": "544a35a10866b32afda9c7f029c0764558563f4f"
    },
    "node/node.d.ts": {
      "commit": "544a35a10866b32afda9c7f029c0764558563f4f"
    },
    "aws-sdk/aws-sdk.d.ts": {
      "commit": "544a35a10866b32afda9c7f029c0764558563f4f"
    },
    "node-uuid/node-uuid.d.ts": {
      "commit": "544a35a10866b32afda9c7f029c0764558563f4f"
    },
    "node-uuid/node-uuid-base.d.ts": {
      "commit": "544a35a10866b32afda9c7f029c0764558563f4f"
    },
    "node-uuid/node-uuid-cjs.d.ts": {
      "commit": "544a35a10866b32afda9c7f029c0764558563f4f"
    },
    "firebase/firebase.d.ts": {
      "commit": "544a35a10866b32afda9c7f029c0764558563f4f"
    },
    "q/Q.d.ts": {
      "commit": "544a35a10866b32afda9c7f029c0764558563f4f"
    },
    "firebase-token-generator/firebase-token-generator.d.ts": {
      "commit": "fa4c2305803da0d32de8604f2d11ef5c48fde04c"
    },
    "ejs/ejs.d.ts": {
      "commit": "7492a4ca9f5658230e05ef97cf2a9fcb09b0677d"
    }
  }
}
