{
    "name": "verifyemail",
    "runtime": "nodejs4.3",
    "description": "Serverless Lambda function for project: apiuser",
    "customName": false,
    "customRole": false,
    "handler": "verifyemail/handler.handler",
    "timeout": 6,
    "memorySize": 1024,
    "authorizer": {},
    "custom": {
        "excludePatterns": []
    },
    "endpoints": [
        {
            "path": "verifyemail/{uuid}",
            "method": "GET",
            "type": "AWS",
            "authorizationType": "none",
            "authorizerFunction": false,
            "apiKeyRequired": false,
            "requestParameters": {},
            "requestTemplates": {
                "application/json": {
                    "uuid": "$input.params('uuid')"
                }
            },
            "responses": {
                "400": {
                    "statusCode": "400"
                },
                "default": {
                    "statusCode": "302",
                    "responseParameters": {
                        "method.response.header.location": "integration.response.body.url"
                    }
                }
            }
        }
    ],
    "events": [],
    "environment": {
        "SERVERLESS_PROJECT": "${project}",
        "SERVERLESS_STAGE": "${stage}",
        "SERVERLESS_REGION": "${region}"
    },
    "vpc": {
        "securityGroupIds": [],
        "subnetIds": []
    }
}